hash,from,to,value,blockNumber,timeStamp,nonce,gas,gasPrice,gasUsed,isError,txreceipt_status,input,blockHash,contractAddress,tokenID,tokenName,tokenSymbol,tokenDecimal,transactionIndex,cumulativeGasUsed,methodId,functionName,confirmations,tx_type,L1Gas,L1GasPrice,L1FeesPaid,L1FeeScalar
0xc9ad7bc25139a0c61440a160b77473168bc1ce5fdc6808804feb53ad64bea551,0xd152f549545093347a162dce210e7293f1452150,0x67d6f959519731ea3402f23767585991f04cdb67,133700000000000000,25224340,1737238027,149,46693119,13405897,46314270,,,deprecated,0xdb007b04d5d255bdae52cfe6234f0665dd4ae97bdc8deacb43a223c2bf776f20,0x29e39327b5b1e500b87fc0fcae3856cd8f96ed2a,,Bark Ruffalo by Virtuals,PAWSY,18,80,59141484,0xc73a2d60,"disperseToken(address token,address[] recipients,uint256[] values)",15286622,token,,,,
0x9e73c4f6fb76567c8938945aac1e4ab183f371548cd1529cdc0625d168fead2b,0x67d6f959519731ea3402f23767585991f04cdb67,0xf3b3dc27ab04e66a22614440093b68f38514ee6f,1000000000,25863248,1738515843,100836,3600000,27752990,114285,,,deprecated,0xc8d17673dfa2872069688e7c3de17995db91f4da3d7081b93288e0b399f8a8c6,0x833589fcd6edb6e08f4c7c32d4f71b54bda02913,,USDC,USDC,6,223,43348786,0xcccbb34c,"batchTransferWithAuthorization(address[] from,address[] to,uint256[] value,uint256[] validAfter,uint256[] validBefore,bytes32[] nonce,uint8[] v,bytes32[] r,bytes32[] s,uint256 _gasLimit)",14647714,token,,,,
0xf76a3749ad9f02630664d3a2e6e777dacf52dcb90316061758ae6c7872d4f32e,0xd152f549545093347a162dce210e7293f1452150,0x67d6f959519731ea3402f23767585991f04cdb67,4200690000000000000,26945470,1740680287,1419,31860306,3502308,31606868,,,deprecated,0x3dc872831bf9e1242e26cf248800e94119b3dd244fe755df4016677f62dc537b,0x4b6104755afb5da4581b81c552da3a25608c73b8,,Ski Mask Kitten,SKITTEN,18,67,48637095,0xc73a2d60,"disperseToken(address token,address[] recipients,uint256[] values)",13565492,token,,,,
0x15893bf98e89932f7bcfa73caf54aedd9bd145041c80c0c6fe5919da326a19a5,0xd152f549545093347a162dce210e7293f1452150,0x67d6f959519731ea3402f23767585991f04cdb67,4200690000000000000,27128876,1741047099,1547,34466997,3752382,34193034,,,deprecated,0xbe9e038de6a7606b0a272fe306691942468d8b5484a686ab09b39acab51dafd0,0x4b6104755afb5da4581b81c552da3a25608c73b8,,Ski Mask Kitten,SKITTEN,18,140,56611075,0xc73a2d60,"disperseToken(address token,address[] recipients,uint256[] values)",13382086,token,,,,
0x3cfbad66495aa5525dc63a529693991515ffb6c8c140a893a4f508eafabd0e64,0xd152f549545093347a162dce210e7293f1452150,0x67d6f959519731ea3402f23767585991f04cdb67,4200690000000000000,27172514,1741134375,1576,19173110,2931737,19019572,,,deprecated,0xce34227aa10383d5b66fc6e759295a69f69213663595d221124379c7320d97d7,0x4b6104755afb5da4581b81c552da3a25608c73b8,,Ski Mask Kitten,SKITTEN,18,64,33141718,0xc73a2d60,"disperseToken(address token,address[] recipients,uint256[] values)",13338448,token,,,,
0x6732d201d0f6e6e8f5345880a2b244a9a9e5b573122ce493430f7ed16ab203d9,0x67d6f959519731ea3402f23767585991f04cdb67,0xf3b3dc27ab04e66a22614440093b68f38514ee6f,5000000,27800933,1742391213,389737,6000000,9019764,184717,,,deprecated,0xf5a88242748628433cab48b50285feb019a93c630ffcfa8d1692b9e76c2f537b,0x833589fcd6edb6e08f4c7c32d4f71b54bda02913,,USDC,USDC,6,23,4584596,0xcccbb34c,"batchTransferWithAuthorization(address[] from,address[] to,uint256[] value,uint256[] validAfter,uint256[] validBefore,bytes32[] nonce,uint8[] v,bytes32[] r,bytes32[] s,uint256 _gasLimit)",12710029,token,,,,
0xde9c53fe3a4ae95bf5660f7d4fabd7bec1bbe670058d2861c4ded6971bea53cf,0x67d6f959519731ea3402f23767585991f04cdb67,0xf3b3dc27ab04e66a22614440093b68f38514ee6f,195000000,27800955,1742391257,389738,3600000,9040619,97197,,,deprecated,0x3bc26bf66233c5933a38cfa99b57991167c5e00417ff6a0ca122eaa7ced559c9,0x833589fcd6edb6e08f4c7c32d4f71b54bda02913,,USDC,USDC,6,52,16006394,0xcccbb34c,"batchTransferWithAuthorization(address[] from,address[] to,uint256[] value,uint256[] validAfter,uint256[] validBefore,bytes32[] nonce,uint8[] v,bytes32[] r,bytes32[] s,uint256 _gasLimit)",12710007,token,,,,
0x608168b1157f09adf7c073ed2d8fe7d59f79d61507ca26f286a8ff4316413c26,0x67d6f959519731ea3402f23767585991f04cdb67,0xf3b3dc27ab04e66a22614440093b68f38514ee6f,1132000000,27993360,1742776067,395788,3600000,5623335,114285,,,deprecated,0xf5c4482cbcfbe6b5b943fc3523a9db1cc6af0850482e24945f1be87cd80c8827,0x833589fcd6edb6e08f4c7c32d4f71b54bda02913,,USDC,USDC,6,13,3266140,0xcccbb34c,"batchTransferWithAuthorization(address[] from,address[] to,uint256[] value,uint256[] validAfter,uint256[] validBefore,bytes32[] nonce,uint8[] v,bytes32[] r,bytes32[] s,uint256 _gasLimit)",12517604,token,,,,
0x8b755b059669454f65919b6a500bafdf7cedef42bc85d8ec85f784fad66c3ef1,0x67d6f959519731ea3402f23767585991f04cdb67,0xf3b3dc27ab04e66a22614440093b68f38514ee6f,473000000,28084463,1742958273,398985,3600000,5966938,114297,,,deprecated,0x9b5692cd4e5888bafd0f3bb3c7baaa9a6ae6c00e8097ed6e33872577397a3d15,0x833589fcd6edb6e08f4c7c32d4f71b54bda02913,,USDC,USDC,6,23,3827885,0xcccbb34c,"batchTransferWithAuthorization(address[] from,address[] to,uint256[] value,uint256[] validAfter,uint256[] validBefore,bytes32[] nonce,uint8[] v,bytes32[] r,bytes32[] s,uint256 _gasLimit)",12426501,token,,,,
0xeea873d4acd50c02a0a5c171a71fa6477663b50373748ae5e22d42ad7460a310,0x67d6f959519731ea3402f23767585991f04cdb67,0xf3b3dc27ab04e66a22614440093b68f38514ee6f,5325000000,28192327,1743174001,402779,3600000,5938796,114285,,,deprecated,0xbd7d1ab4fd7d7252b66283062e9f2e00092b333a1afc3a2c44a8e681c42fa777,0x833589fcd6edb6e08f4c7c32d4f71b54bda02913,,USDC,USDC,6,18,6723511,0xcccbb34c,"batchTransferWithAuthorization(address[] from,address[] to,uint256[] value,uint256[] validAfter,uint256[] validBefore,bytes32[] nonce,uint8[] v,bytes32[] r,bytes32[] s,uint256 _gasLimit)",12318637,token,,,,
0x49cb6d390ef6642f564286319928d5ea84f02da8b45abf2e3df63839490c7f27,0x67d6f959519731ea3402f23767585991f04cdb67,0xf3b3dc27ab04e66a22614440093b68f38514ee6f,300000000,28682392,1744154131,420458,3600000,4800212,114281,,,deprecated,0x16e0085e003e6cfd5cc344f41151d4192970165d1a0c02f6bc15cd8acb23337f,0x833589fcd6edb6e08f4c7c32d4f71b54bda02913,,USDC,USDC,6,67,19481431,0xcccbb34c,"batchTransferWithAuthorization(address[] from,address[] to,uint256[] value,uint256[] validAfter,uint256[] validBefore,bytes32[] nonce,uint8[] v,bytes32[] r,bytes32[] s,uint256 _gasLimit)",11828572,token,,,,
0x42a7b289a9a01b82d9ca211acded920ea35df168ac7652961200f422ce15cce3,0x67d6f959519731ea3402f23767585991f04cdb67,0xf3b3dc27ab04e66a22614440093b68f38514ee6f,111000000,28682430,1744154207,420462,3600000,4817080,97205,,,deprecated,0xd84a028cc61946577aba53af522d7be4d2fcacdd6c698a931c375b110c207998,0x833589fcd6edb6e08f4c7c32d4f71b54bda02913,,USDC,USDC,6,56,8078653,0xcccbb34c,"batchTransferWithAuthorization(address[] from,address[] to,uint256[] value,uint256[] validAfter,uint256[] validBefore,bytes32[] nonce,uint8[] v,bytes32[] r,bytes32[] s,uint256 _gasLimit)",11828534,token,,,,
0x7a2a6b39427e24b32acb393c65732a8c4492fac1046526ce23e7c1d8dc1c30a5,0x67d6f959519731ea3402f23767585991f04cdb67,0xf3b3dc27ab04e66a22614440093b68f38514ee6f,100000000,28708867,1744207081,421448,3600000,4980073,114273,,,deprecated,0x84f8a6cab9e2a9ad4d59e64fc1f31fa2c5c596629db44bd06dcd195d8b6a602b,0x833589fcd6edb6e08f4c7c32d4f71b54bda02913,,USDC,USDC,6,13,1882724,0xcccbb34c,"batchTransferWithAuthorization(address[] from,address[] to,uint256[] value,uint256[] validAfter,uint256[] validBefore,bytes32[] nonce,uint8[] v,bytes32[] r,bytes32[] s,uint256 _gasLimit)",11802097,token,,,,
0x6f51f72aaf250779fe0cea09021337dbde68f65b6f70ef90b90b1860aac7bba5,0x67d6f959519731ea3402f23767585991f04cdb67,0xf3b3dc27ab04e66a22614440093b68f38514ee6f,155000000,28753590,1744296527,423406,3600000,5253423,114285,,,deprecated,0xbe889d7602e5bdd9f84c0c6c9974d04cf39b26f3561f3888f90e7dfac85b4f43,0x833589fcd6edb6e08f4c7c32d4f71b54bda02913,,USDC,USDC,6,14,3982307,0xcccbb34c,"batchTransferWithAuthorization(address[] from,address[] to,uint256[] value,uint256[] validAfter,uint256[] validBefore,bytes32[] nonce,uint8[] v,bytes32[] r,bytes32[] s,uint256 _gasLimit)",11757374,token,,,,
0x8b4ffb9dfe34985574245d5f304f166088d7420f3ff73b4f7edf7282c8b8998f,0x67d6f959519731ea3402f23767585991f04cdb67,0xf3b3dc27ab04e66a22614440093b68f38514ee6f,200000000,28794278,1744377903,425028,3600000,4903901,114285,,,deprecated,0x837704e561132904723f5022c22143d96ed29b45ad3f98c8cb7184d6442eee62,0x833589fcd6edb6e08f4c7c32d4f71b54bda02913,,USDC,USDC,6,40,7262061,0xcccbb34c,"batchTransferWithAuthorization(address[] from,address[] to,uint256[] value,uint256[] validAfter,uint256[] validBefore,bytes32[] nonce,uint8[] v,bytes32[] r,bytes32[] s,uint256 _gasLimit)",11716686,token,,,,
0x9c2a52c5a1b95ac7fdcac0f28b6773b8f96f2befdeb680dd1d3c9d877bb30f57,0x67d6f959519731ea3402f23767585991f04cdb67,0xf3b3dc27ab04e66a22614440093b68f38514ee6f,299000000,28907947,1744605241,428953,6000000,4703411,167641,,,deprecated,0x9aac283a61495e5353d790d63a940ea64404eb8dfd6065289c6d13cdbc603075,0x833589fcd6edb6e08f4c7c32d4f71b54bda02913,,USDC,USDC,6,12,4290535,0xcccbb34c,"batchTransferWithAuthorization(address[] from,address[] to,uint256[] value,uint256[] validAfter,uint256[] validBefore,bytes32[] nonce,uint8[] v,bytes32[] r,bytes32[] s,uint256 _gasLimit)",11603017,token,,,,
0x279feee7a7749be64b7324cf2b45793646e00112f9768b585a31533d24fbe6d3,0x67d6f959519731ea3402f23767585991f04cdb67,0xf3b3dc27ab04e66a22614440093b68f38514ee6f,250000000,28966440,1744722227,431041,6000000,5716575,184697,,,deprecated,0xb21ad5c8f8dd8c165eeabf3a39437e60433f5b5a9dc941d83592718b43f22731,0x833589fcd6edb6e08f4c7c32d4f71b54bda02913,,USDC,USDC,6,22,5815422,0xcccbb34c,"batchTransferWithAuthorization(address[] from,address[] to,uint256[] value,uint256[] validAfter,uint256[] validBefore,bytes32[] nonce,uint8[] v,bytes32[] r,bytes32[] s,uint256 _gasLimit)",11544524,token,,,,
0xba3cc09479a1a2090ec8276acda6aa94d446f52cc36c4cc05bac5c282239246c,0x67d6f959519731ea3402f23767585991f04cdb67,0xebd7afead5ab9119763dd95674a7dbe190d0a5aa,320000000,29208037,1745205421,439213,3600000,4976518,114285,,,deprecated,0x35663cbd5870a5fd13b927bbe0bcf353c1bc84b712e38affb79c2de54b63580c,0x833589fcd6edb6e08f4c7c32d4f71b54bda02913,,USDC,USDC,6,18,4829190,0xcccbb34c,"batchTransferWithAuthorization(address[] from,address[] to,uint256[] value,uint256[] validAfter,uint256[] validBefore,bytes32[] nonce,uint8[] v,bytes32[] r,bytes32[] s,uint256 _gasLimit)",11302927,token,,,,
0x74018360e9befa7269ec0d6c2e8365472fb355932c076fa5cf40ec1480e839b6,0x67d6f959519731ea3402f23767585991f04cdb67,0xebd7afead5ab9119763dd95674a7dbe190d0a5aa,1500000000,29498902,1745787151,450158,3600000,6182060,114261,,,deprecated,0x2018d000c9ddbccc68acb28291de980b9c6d2a590b883bac07966d7167d6d3c7,0x833589fcd6edb6e08f4c7c32d4f71b54bda02913,,USDC,USDC,6,13,4943868,0xcccbb34c,"batchTransferWithAuthorization(address[] from,address[] to,uint256[] value,uint256[] validAfter,uint256[] validBefore,bytes32[] nonce,uint8[] v,bytes32[] r,bytes32[] s,uint256 _gasLimit)",11012062,token,,,,
0x9dabc3ea88ff78467d5faeeffebfd3149558f5b36e07f3048bbb333db5471553,0xd152f549545093347a162dce210e7293f1452150,0x67d6f959519731ea3402f23767585991f04cdb67,4200690000000000000,30288889,1747367125,401,15434069,5017483,15309972,,,deprecated,0xb898fd130582b705a9febd4e6c52d9718c21c4156505948badac05eac27642df,0x4b6104755afb5da4581b81c552da3a25608c73b8,,Ski Mask Kitten,SKITTEN,18,22,21889811,0xc73a2d60,"disperseToken(address token,address[] recipients,uint256[] values)",10222075,token,,,,
0xc084259eaca6389e42f11c3cbf3c7ed617e8319cedddc46917b703fe9fef5e76,0xd152f549545093347a162dce210e7293f1452150,0x67d6f959519731ea3402f23767585991f04cdb67,4200690000000000000,30320297,1747429941,424,14910472,4225398,14790498,,,deprecated,0xd002912fd01158e8976a9a78c49e08d47c857ead95d90dfcb6ab3d243718a142,0x4b6104755afb5da4581b81c552da3a25608c73b8,,Ski Mask Kitten,SKITTEN,18,31,25359131,0xc73a2d60,"disperseToken(address token,address[] recipients,uint256[] values)",10190667,token,,,,
0xdcd2d22a3eb4f0695ba922522562e601b62220afc634d70f28899d9ae7aec6f5,0xd152f549545093347a162dce210e7293f1452150,0x67d6f959519731ea3402f23767585991f04cdb67,4215319999999999737856,30567635,1747924617,170,5000000,12815033,3009692,,,deprecated,0x759f72c06f19b2e653d1a8f73dc764c1b68f8f1989fc9211b11ff9ce567bcfb4,0xbf8566956b4e2d8beb90c4c19dbb8c67a9290c36,,VIRGEN by Virtuals,VIRGEN,18,63,13376809,0xc73a2d60,"disperseToken(address token,address[] recipients,uint256[] values)",9943329,token,,,,
0xcca3e76cf56f8c18e850f1359df656c8863952675307d589558c36ac2fe7ac8d,0x67d6f959519731ea3402f23767585991f04cdb67,0xebd7afead5ab9119763dd95674a7dbe190d0a5aa,98000000,31186710,1749162767,516736,3600000,4806013,114297,,,deprecated,0x31b219c2c6e51137f0a56ee0f1a6ecbbe33e72df9eb9a657007c50e612445b19,0x833589fcd6edb6e08f4c7c32d4f71b54bda02913,,USDC,USDC,6,62,20196275,0xcccbb34c,"batchTransferWithAuthorization(address[] from,address[] to,uint256[] value,uint256[] validAfter,uint256[] validBefore,bytes32[] nonce,uint8[] v,bytes32[] r,bytes32[] s,uint256 _gasLimit)",9324254,token,,,,
0x08d5dd0232e63ba7ec6429f2e0ed89d54f87aebe326f2b51e0c7c58268a55114,0x67d6f959519731ea3402f23767585991f04cdb67,0xebd7afead5ab9119763dd95674a7dbe190d0a5aa,500000000,31220730,1749230807,518163,3600000,5057289,114273,,,deprecated,0x7b98829e3fa9815991444aaab9850a74d1d3b0e99a0b348dedfe600ad16143cf,0x833589fcd6edb6e08f4c7c32d4f71b54bda02913,,USDC,USDC,6,39,9522287,0xcccbb34c,"batchTransferWithAuthorization(address[] from,address[] to,uint256[] value,uint256[] validAfter,uint256[] validBefore,bytes32[] nonce,uint8[] v,bytes32[] r,bytes32[] s,uint256 _gasLimit)",9290234,token,,,,
0xdc5d7aae08dc5c7339510fdc4cdfc344622c61c297abaf955591bf267ecd87fe,0x67d6f959519731ea3402f23767585991f04cdb67,0xebd7afead5ab9119763dd95674a7dbe190d0a5aa,29000000000,31220813,1749230973,518167,3600000,5040925,114305,,,deprecated,0x7b8f20f1043c08ad23e3b25e27281a9395877ee53a278b79ae9177d73b6d6cbb,0x833589fcd6edb6e08f4c7c32d4f71b54bda02913,,USDC,USDC,6,41,11453857,0xcccbb34c,"batchTransferWithAuthorization(address[] from,address[] to,uint256[] value,uint256[] validAfter,uint256[] validBefore,bytes32[] nonce,uint8[] v,bytes32[] r,bytes32[] s,uint256 _gasLimit)",9290151,token,,,,
0x04bbad545c72df05e7dd6c2854564f2a828dcbfe423a4fa600c893c224509d52,0xfe633587047e5a4ba473fd0d022a36259acdf7a4,0x67d6f959519731ea3402f23767585991f04cdb67,10000,32426559,1751642465,182,17862462,4276620,16109580,,,deprecated,0x2904b8ff51adb45f90db6c1c1afa649988f4dc92b346eef071b380b4e8eadf1a,0x3d63825b0d8669307366e6c8202f656b9e91d368,,Wild Goat Coin,WGC,6,56,29657594,0x51ba162c,"disperseTokenSimple(address token,address[] recipients,uint256[] values)",8084405,token,,,,
0xcacc6a311b1a013349295b088007fa1e4b7391e0e0acd9d935aec75056dae4e1,0x67d6f959519731ea3402f23767585991f04cdb67,0xebd7afead5ab9119763dd95674a7dbe190d0a5aa,100000000,33129127,1753047601,603076,3600000,9080133,114293,,,deprecated,0x2a2a4335dfc973cdb383280c24f03009f70af0c90c19c517bd4df3d579a345d6,0x833589fcd6edb6e08f4c7c32d4f71b54bda02913,,USDC,USDC,6,168,34996436,0xcccbb34c,"batchTransferWithAuthorization(address[] from,address[] to,uint256[] value,uint256[] validAfter,uint256[] validBefore,bytes32[] nonce,uint8[] v,bytes32[] r,bytes32[] s,uint256 _gasLimit)",7381839,token,,,,
0x4e9a38503be9fe4bc9fa360932d31345ae37a0f40a0ac5cda6789e950bbb848a,0x67d6f959519731ea3402f23767585991f04cdb67,0xebd7afead5ab9119763dd95674a7dbe190d0a5aa,5200000000,33129150,1753047647,603080,3600000,9002528,97217,,,deprecated,0x645e905b15d0390f1e84c588a88485c55bc42cbb655e9fb1dbcdea32318d7c31,0x833589fcd6edb6e08f4c7c32d4f71b54bda02913,,USDC,USDC,6,3,628704,0xcccbb34c,"batchTransferWithAuthorization(address[] from,address[] to,uint256[] value,uint256[] validAfter,uint256[] validBefore,bytes32[] nonce,uint8[] v,bytes32[] r,bytes32[] s,uint256 _gasLimit)",7381816,token,,,,
0xaae63ba6dcf83e0a30e359163a355d2593827419b6c8d3b96e7bd028873b0137,0x67d6f959519731ea3402f23767585991f04cdb67,0xebd7afead5ab9119763dd95674a7dbe190d0a5aa,30000000,33550560,1753890467,621863,3600000,18473970,114305,,,deprecated,0x3dd4eaacdb2d37940a90eea37d0553b460f92bbde9e65260a84ffee1880f75af,0x833589fcd6edb6e08f4c7c32d4f71b54bda02913,,USDC,USDC,6,24,5401712,0xcccbb34c,"batchTransferWithAuthorization(address[] from,address[] to,uint256[] value,uint256[] validAfter,uint256[] validBefore,bytes32[] nonce,uint8[] v,bytes32[] r,bytes32[] s,uint256 _gasLimit)",6960406,token,,,,
0x05c805992363f0bf1030d813f6a96c26df50b992fa71f362be47f5395d150e04,0x67d6f959519731ea3402f23767585991f04cdb67,0xebd7afead5ab9119763dd95674a7dbe190d0a5aa,3570000000,33550597,1753890541,621867,3600000,17465720,97197,,,deprecated,0x9f99914753c7dd01a08bfe4160b67c2e323b2f493f36f21076888b3ca88aa251,0x833589fcd6edb6e08f4c7c32d4f71b54bda02913,,USDC,USDC,6,103,33552159,0xcccbb34c,"batchTransferWithAuthorization(address[] from,address[] to,uint256[] value,uint256[] validAfter,uint256[] validBefore,bytes32[] nonce,uint8[] v,bytes32[] r,bytes32[] s,uint256 _gasLimit)",6960369,token,,,,
0x0372eebcde1f27fc6871be2414340156ef0f0a394cc919386594c93993758946,0x67d6f959519731ea3402f23767585991f04cdb67,0xfba09761a69257f5644f769dc0b02cddfb8a0ba3,200000000,33825660,1754440667,634352,3600000,5844107,114305,,,deprecated,0x9fc66f9ebf394e8b1abb5b8a46cc6f6bad8fce674c915acb39c0932d058d25b2,0x833589fcd6edb6e08f4c7c32d4f71b54bda02913,,USDC,USDC,6,9,1730624,0xcccbb34c,"batchTransferWithAuthorization(address[] from,address[] to,uint256[] value,uint256[] validAfter,uint256[] validBefore,bytes32[] nonce,uint8[] v,bytes32[] r,bytes32[] s,uint256 _gasLimit)",6685306,token,,,,
0x818e516ff013a6b01d075b7249f67194ea8d8a17050054357aeebe8a21405bc9,0x67d6f959519731ea3402f23767585991f04cdb67,0x7e0f21cafb9d1b342a519d904b3b94a5e5e21e46,200000000,33867862,1754525071,636403,3600000,5621875,114293,,,deprecated,0xfc3195b95fd91283a43a6e26716334d13523149cfe36c57f436a3652259a29c7,0x833589fcd6edb6e08f4c7c32d4f71b54bda02913,,USDC,USDC,6,127,35898023,0xcccbb34c,"batchTransferWithAuthorization(address[] from,address[] to,uint256[] value,uint256[] validAfter,uint256[] validBefore,bytes32[] nonce,uint8[] v,bytes32[] r,bytes32[] s,uint256 _gasLimit)",6643104,token,,,,
0x3524e5b3847067c8d85826c2a6320c56cee4646298f81f3849573babc0fb6a6d,0x67d6f959519731ea3402f23767585991f04cdb67,0x9b2f94ba9a59df0fbbcaa86843bd30af22800f6c,240000000,33995145,1754779637,642506,3600000,16139856,114269,,,deprecated,0x78ced47fe9e6faf0f59813513f6daf4b439c7bde5a535860909e66ce4470d580,0x833589fcd6edb6e08f4c7c32d4f71b54bda02913,,USDC,USDC,6,11,6798771,0xcccbb34c,"batchTransferWithAuthorization(address[] from,address[] to,uint256[] value,uint256[] validAfter,uint256[] validBefore,bytes32[] nonce,uint8[] v,bytes32[] r,bytes32[] s,uint256 _gasLimit)",6515821,token,,,,
0xe6e21e6b5bb9531b935c5866968b5734a3d7c212f8feb6f1e0daaa82b09c38f5,0x67d6f959519731ea3402f23767585991f04cdb67,0xa49d6bcd2e1252f602336d676bf7e4b71c517c6b,200000000,34124235,1755037817,648420,3600000,12272378,114293,,,deprecated,0x4be1d2f6238904c34a9e081cb4ea5b211c8b5f9bdc05d25059a637cecdb35370,0x833589fcd6edb6e08f4c7c32d4f71b54bda02913,,USDC,USDC,6,28,4116600,0xcccbb34c,"batchTransferWithAuthorization(address[] from,address[] to,uint256[] value,uint256[] validAfter,uint256[] validBefore,bytes32[] nonce,uint8[] v,bytes32[] r,bytes32[] s,uint256 _gasLimit)",6386731,token,,,,
0x01b6e37e15c1b9735fc1d655cc3be3c53da5c7a5c3715b0780233df8df048e16,0x67d6f959519731ea3402f23767585991f04cdb67,0xebd7afead5ab9119763dd95674a7dbe190d0a5aa,50000000,34156327,1755102001,649864,6000000,24758625,184737,,,deprecated,0x50eb2eae3ce7451d934c874aecf18990d44df429c6ae807926061ca1f257ec87,0x833589fcd6edb6e08f4c7c32d4f71b54bda02913,,USDC,USDC,6,113,19697869,0xcccbb34c,"batchTransferWithAuthorization(address[] from,address[] to,uint256[] value,uint256[] validAfter,uint256[] validBefore,bytes32[] nonce,uint8[] v,bytes32[] r,bytes32[] s,uint256 _gasLimit)",6354639,token,,,,
0x00015a7efe3786c9dd9b4fd449a72fd1add31cbe580880e32e1e7c07e03ecf96,0x67d6f959519731ea3402f23767585991f04cdb67,0xebd7afead5ab9119763dd95674a7dbe190d0a5aa,42000000000,34156387,1755102121,649870,8400000,30320446,238099,,,deprecated,0xb275f599300b8cfc698fc2997a6233319ca5cda3af69d867f5e1ea8eb250346b,0x833589fcd6edb6e08f4c7c32d4f71b54bda02913,,USDC,USDC,6,138,30572539,0xcccbb34c,"batchTransferWithAuthorization(address[] from,address[] to,uint256[] value,uint256[] validAfter,uint256[] validBefore,bytes32[] nonce,uint8[] v,bytes32[] r,bytes32[] s,uint256 _gasLimit)",6354579,token,,,,
0xe9d440f0a0cdee7133bac67330f2c03e8211b20b5bdbb3102627374b4443b610,0x67d6f959519731ea3402f23767585991f04cdb67,0xb23359a663796c8e44a7d5d31dd263e257f3ef97,300000000,34295520,1755380387,656624,6000000,4232330,179909,,,deprecated,0x18a2792980c8c253836477a746a27698e5dae95f0b1f8499532e7c69b7711d8e,0x833589fcd6edb6e08f4c7c32d4f71b54bda02913,,USDC,USDC,6,5,3065210,0xcccbb34c,"batchTransferWithAuthorization(address[] from,address[] to,uint256[] value,uint256[] validAfter,uint256[] validBefore,bytes32[] nonce,uint8[] v,bytes32[] r,bytes32[] s,uint256 _gasLimit)",6215446,token,,,,
0xa294dbd44d0946557e8b5ba53d9c1cee74fa3c486e65151e118f57ff764e430c,0x67d6f959519731ea3402f23767585991f04cdb67,0xa47bbcd808168c6adbc9f9b148ad7a1540aca055,250000000,34766145,1756321637,678262,3600000,11196556,114317,,,deprecated,0x97cfbcd7c6b487ba5b281608432f9ce2e4411fca909dc449bd049f0c22843462,0x833589fcd6edb6e08f4c7c32d4f71b54bda02913,,USDC,USDC,6,27,7973395,0xcccbb34c,"batchTransferWithAuthorization(address[] from,address[] to,uint256[] value,uint256[] validAfter,uint256[] validBefore,bytes32[] nonce,uint8[] v,bytes32[] r,bytes32[] s,uint256 _gasLimit)",5744821,token,,,,
0x2d53c44f4d2b8925403c1f0311e283c3679025693f7bd8527ab30d65ab925b6c,0x67d6f959519731ea3402f23767585991f04cdb67,0xebd7afead5ab9119763dd95674a7dbe190d0a5aa,50000000,35104470,1756998287,694960,3600000,14030101,114317,,,deprecated,0xa22737aff987e660b7363f2e79bd08f32222edf4c3d744ea16e6a4641532846c,0x833589fcd6edb6e08f4c7c32d4f71b54bda02913,,USDC,USDC,6,98,10639425,0xcccbb34c,"batchTransferWithAuthorization(address[] from,address[] to,uint256[] value,uint256[] validAfter,uint256[] validBefore,bytes32[] nonce,uint8[] v,bytes32[] r,bytes32[] s,uint256 _gasLimit)",5406496,token,,,,
0x30d44fc385d8f491cad3f84284af52c40762e8a963ce5baa728a0ac2b765a50a,0x67d6f959519731ea3402f23767585991f04cdb67,0xebd7afead5ab9119763dd95674a7dbe190d0a5aa,3900000000,35104560,1756998467,694967,8400000,19126123,204661,,,deprecated,0x3621ffae58b02197c50655b17b7a12e4ae468d510661e8990a616ab0113eabd3,0x833589fcd6edb6e08f4c7c32d4f71b54bda02913,,USDC,USDC,6,29,5894040,0xcccbb34c,"batchTransferWithAuthorization(address[] from,address[] to,uint256[] value,uint256[] validAfter,uint256[] validBefore,bytes32[] nonce,uint8[] v,bytes32[] r,bytes32[] s,uint256 _gasLimit)",5406406,token,,,,
0xc7256f6952e26bf2f22a7d9803ee4822b263884793e83c96c18709908696ae86,0x67d6f959519731ea3402f23767585991f04cdb67,0x0e6ef2da11235434970202d3bdb93b0668934bea,250000000,35154690,1757098727,697295,3600000,4651307,114317,,,deprecated,0xa8b3ab9a8a4e5fc00775b6006f3202eb8fe1637de54a0e487ac2ced5728d27e4,0x833589fcd6edb6e08f4c7c32d4f71b54bda02913,,USDC,USDC,6,46,4595984,0xcccbb34c,"batchTransferWithAuthorization(address[] from,address[] to,uint256[] value,uint256[] validAfter,uint256[] validBefore,bytes32[] nonce,uint8[] v,bytes32[] r,bytes32[] s,uint256 _gasLimit)",5356276,token,,,,
0x6d93bf0e7b9357b82f3304e1a7e579a4a5fe27f9fa2ccc7b509745e522565efd,0x67d6f959519731ea3402f23767585991f04cdb67,0x1505fab5f174b08157c86f89246a6d43f792d408,300000000,35421015,1757631377,709894,3600000,4958606,114293,,,deprecated,0x0cf8583518bf1b0e02cab44e2e4fa42897459f44f0f4d805d2a35496ae27c348,0x833589fcd6edb6e08f4c7c32d4f71b54bda02913,,USDC,USDC,6,13,2106455,0xcccbb34c,"batchTransferWithAuthorization(address[] from,address[] to,uint256[] value,uint256[] validAfter,uint256[] validBefore,bytes32[] nonce,uint8[] v,bytes32[] r,bytes32[] s,uint256 _gasLimit)",5089951,token,,,,
0xaa814733c30078c63b4995330e577a6fdda76152a80b3d5d2a3b86342bc3fa06,0xeea96c34e3a55cca6fc178ea8716bd7bd764893a,0x67d6f959519731ea3402f23767585991f04cdb67,510000000000000000,36061145,1758911637,314,7455570,5814419,5916334,,,deprecated,0xff83945aab8fc094dab8b62de72d62e3e98067171be350d59239626c11b0d1f9,0xb1a03eda10342529bbf8eb700a06c60441fef25d,,Mr. Miggles,MIGGLES,18,137,28191237,0x1239ec8c,"batchTransfer(address token, address[] receivers, uint256[] amounts)",4449823,token,,,,
0x19e6d9150efb1989b3b7dcd7ef5534426699ee9b28e765f19299ce6bf2c1c0ca,0x67d6f959519731ea3402f23767585991f04cdb67,0xebd7afead5ab9119763dd95674a7dbe190d0a5aa,11087401581,36096465,1758982277,741171,3600000,6597540,109509,,,deprecated,0x8a9b1d4c34b54b0d5d52e5998683aaf7615648b43b774b526f5f8725030dc5e4,0x833589fcd6edb6e08f4c7c32d4f71b54bda02913,,USDC,USDC,6,9,2947358,0xcccbb34c,"batchTransferWithAuthorization(address[] from,address[] to,uint256[] value,uint256[] validAfter,uint256[] validBefore,bytes32[] nonce,uint8[] v,bytes32[] r,bytes32[] s,uint256 _gasLimit)",4414503,token,,,,
0x07a5c52369fe8202fe5685cf8f156953f24c90170eff0484fdf4817145332a79,0x67d6f959519731ea3402f23767585991f04cdb67,0x1544deffa7a2984920582ff5ef8563e7a1067664,500000000,36325477,1759440301,752263,3600000,5237250,114305,,,deprecated,0x306946c53cae90d57ca9c2f2f6962674f6068bd6488176cf350316197d5569ca,0x833589fcd6edb6e08f4c7c32d4f71b54bda02913,,USDC,USDC,6,194,30484343,0xcccbb34c,"batchTransferWithAuthorization(address[] from,address[] to,uint256[] value,uint256[] validAfter,uint256[] validBefore,bytes32[] nonce,uint8[] v,bytes32[] r,bytes32[] s,uint256 _gasLimit)",4185491,token,,,,
0x68d016552f6d1dfd06aa5b9e7c515bf8b0a0469359dc5be20d13c27ef287d4e2,0x67d6f959519731ea3402f23767585991f04cdb67,0xa0ccbafda66fc3903214825ce626d211ddcac00a,93000000,37020916,1760831179,783550,3600000,4402362,114317,,,deprecated,0xc854dc261f942b6562614795793eee4a78f3f66422648a5e93b636d840f99b5b,0x833589fcd6edb6e08f4c7c32d4f71b54bda02913,,USDC,USDC,6,56,21037306,0xcccbb34c,"batchTransferWithAuthorization(address[] from,address[] to,uint256[] value,uint256[] validAfter,uint256[] validBefore,bytes32[] nonce,uint8[] v,bytes32[] r,bytes32[] s,uint256 _gasLimit)",3490052,token,,,,
0xe1988d5a5adabc8b492ab68960b422235a0b80dffa53e6e69ebe98eb833553c6,0xd152f549545093347a162dce210e7293f1452150,0x67d6f959519731ea3402f23767585991f04cdb67,4200690000000000000,37406833,1761603013,23467,8374495,32080237,8305985,,,deprecated,0x5449f76c99f8e9d752208dea62884d6ce5520a0adfa3b1780485fe89e4ab00f4,0x4b6104755afb5da4581b81c552da3a25608c73b8,,Ski Mask Kitten,SKITTEN,18,17,9760808,0xc73a2d60,"disperseToken(address token,address[] recipients,uint256[] values)",3104137,token,,,,
0x033c1969f8e612609782f3bcdd4645cc416b1f1259beac178c4b736883f0b6f6,0x67d6f959519731ea3402f23767585991f04cdb67,0xf3b3dc27ab04e66a22614440093b68f38514ee6f,2200787201,37532782,1761854911,814062,3600000,18897271,114297,,,deprecated,0x4a2a0a38f5b9299452fedc60fc5df66b7ebc0f1ffd7dd0fc5ff961e539597d85,0x833589fcd6edb6e08f4c7c32d4f71b54bda02913,,USDC,USDC,6,134,36790641,0xcccbb34c,"batchTransferWithAuthorization(address[] from,address[] to,uint256[] value,uint256[] validAfter,uint256[] validBefore,bytes32[] nonce,uint8[] v,bytes32[] r,bytes32[] s,uint256 _gasLimit)",2978188,token,,,,
0x8e79cc549724f1caf05baebe2f65711a7f26d5d325eb5221ca9286c40886db21,0x67d6f959519731ea3402f23767585991f04cdb67,0xf3b3dc27ab04e66a22614440093b68f38514ee6f,2000470050,38381377,1763552101,236582,3600000,247217,114317,,,deprecated,0xf9e395b55f2b605290721ac3bd9431af2ecf97d20c01faf7c0a4b3f44aa7f0dc,0x833589fcd6edb6e08f4c7c32d4f71b54bda02913,,USDC,USDC,6,597,73583161,0xcccbb34c,"batchTransferWithAuthorization(address[] from,address[] to,uint256[] value,uint256[] validAfter,uint256[] validBefore,bytes32[] nonce,uint8[] v,bytes32[] r,bytes32[] s,uint256 _gasLimit)",2129593,token,,,,
0x1a9b86f2840315bf5a031bf810020833e9f2d9327858aeea46287c62a0ec2d6b,0x67d6f959519731ea3402f23767585991f04cdb67,0xd15023a14a438bdcb8cb61240cbdded7051e6c64,5001033,38492895,1763775137,836963,3600000,5605759,114305,,,deprecated,0x6b8b6ceab57022f25731ac1caae87cec8ca307cd365988ec44f62a7588c61fa4,0x833589fcd6edb6e08f4c7c32d4f71b54bda02913,,USDC,USDC,6,98,13749757,0xcccbb34c,"batchTransferWithAuthorization(address[] from,address[] to,uint256[] value,uint256[] validAfter,uint256[] validBefore,bytes32[] nonce,uint8[] v,bytes32[] r,bytes32[] s,uint256 _gasLimit)",2018075,token,,,,
0x71dcb2910b58abcdc4b17e29fa70a88b737251605bc285741db1e53ff98cd818,0x67d6f959519731ea3402f23767585991f04cdb67,0xebd7afead5ab9119763dd95674a7dbe190d0a5aa,900202374,38497350,1763784047,837116,3600000,4372642,114285,,,deprecated,0x08b729fd564c41bbead032f71008cc01ff9ffe3b2001ee486c0fe32891343ea7,0x833589fcd6edb6e08f4c7c32d4f71b54bda02913,,USDC,USDC,6,18,5912043,0xcccbb34c,"batchTransferWithAuthorization(address[] from,address[] to,uint256[] value,uint256[] validAfter,uint256[] validBefore,bytes32[] nonce,uint8[] v,bytes32[] r,bytes32[] s,uint256 _gasLimit)",2013620,token,,,,
0xa8ddc4d803bc6f50cb19ab8eb082c2ce94342806201e362662ea82b3b348e611,0x67d6f959519731ea3402f23767585991f04cdb67,0xf3b3dc27ab04e66a22614440093b68f38514ee6f,1500357760,38755867,1764301081,238484,3600000,140517,114317,,,deprecated,0xb1536ea73f02c1831f458c8e67b10cd6cfbb4e82f5f31d281f70a271ac818ebb,0x833589fcd6edb6e08f4c7c32d4f71b54bda02913,,USDC,USDC,6,217,43266149,0xcccbb34c,"batchTransferWithAuthorization(address[] from,address[] to,uint256[] value,uint256[] validAfter,uint256[] validBefore,bytes32[] nonce,uint8[] v,bytes32[] r,bytes32[] s,uint256 _gasLimit)",1755103,token,,,,
0x84ee3401c5a3d7ffc840c78e0b251eb4ee2565d15fbc7030b3b5bb32ba34f9b5,0x67d6f959519731ea3402f23767585991f04cdb67,0xebd7afead5ab9119763dd95674a7dbe190d0a5aa,20003540,38756272,1764301891,845805,3600000,4141472,114305,,,deprecated,0x6ab0c2b1fdca830408bd8c29e3ec2f553d45be88962b4c6ff64447d471d961da,0x833589fcd6edb6e08f4c7c32d4f71b54bda02913,,USDC,USDC,6,227,33568664,0xcccbb34c,"batchTransferWithAuthorization(address[] from,address[] to,uint256[] value,uint256[] validAfter,uint256[] validBefore,bytes32[] nonce,uint8[] v,bytes32[] r,bytes32[] s,uint256 _gasLimit)",1754698,token,,,,
0x4d133c579b224318506628b11b196e3b80ec499e8160c1f3998b1784d5608aa9,0x67d6f959519731ea3402f23767585991f04cdb67,0xebd7afead5ab9119763dd95674a7dbe190d0a5aa,11702225529,38756302,1764301951,845807,3600000,4138548,97229,,,deprecated,0x30bb6c422ed771e63a01eb067429528112dcbf70d6a7c6bd7e2eeab9742bfb2c,0x833589fcd6edb6e08f4c7c32d4f71b54bda02913,,USDC,USDC,6,225,33245130,0xcccbb34c,"batchTransferWithAuthorization(address[] from,address[] to,uint256[] value,uint256[] validAfter,uint256[] validBefore,bytes32[] nonce,uint8[] v,bytes32[] r,bytes32[] s,uint256 _gasLimit)",1754668,token,,,,
0x3bcff7d731233ee6372191c4b86f743853fbdbd958e4d6d1e2270b1c84e6633b,0x67d6f959519731ea3402f23767585991f04cdb67,0xf3b3dc27ab04e66a22614440093b68f38514ee6f,600151298,38877427,1764544201,238969,3600000,662753,114297,,,deprecated,0x3cfbe12451ebdc4a0fc0e7b735c86fcef3379176b502b2e3d793be7b62570ea9,0x833589fcd6edb6e08f4c7c32d4f71b54bda02913,,USDC,USDC,6,175,35074634,0xcccbb34c,"batchTransferWithAuthorization(address[] from,address[] to,uint256[] value,uint256[] validAfter,uint256[] validBefore,bytes32[] nonce,uint8[] v,bytes32[] r,bytes32[] s,uint256 _gasLimit)",1633543,token,,,,
0xeec8aca3d0acf435d057609d7db22d294835a562009119cfa77bf3a5083f13c0,0x67d6f959519731ea3402f23767585991f04cdb67,0x3748b44547391c5092517909bc97fbac24ab853f,250030004,39704827,1766199001,875754,3600000,4500000,114317,,,deprecated,0x80c566436061c2eac8d49148e183cd7c07b977c49c0b155ecef7963e84880faf,0x833589fcd6edb6e08f4c7c32d4f71b54bda02913,,USDC,USDC,6,258,24796204,0xcccbb34c,"batchTransferWithAuthorization(address[] from,address[] to,uint256[] value,uint256[] validAfter,uint256[] validBefore,bytes32[] nonce,uint8[] v,bytes32[] r,bytes32[] s,uint256 _gasLimit)",806145,token,,,,
0x93e8464d4329227bc3b74ecc17ec8cbd400f2bd2fd8117b510711b598fd5e1ea,0x67d6f959519731ea3402f23767585991f04cdb67,0xf3b3dc27ab04e66a22614440093b68f38514ee6f,4469825112,40073730,1766936807,244127,3600000,1881647,109509,,,deprecated,0x4c8003b5e4b6341f66b213db8030153770bae2a83cd42ef45bf46c2dede75deb,0x833589fcd6edb6e08f4c7c32d4f71b54bda02913,,USDC,USDC,6,78,15941277,0xcccbb34c,"batchTransferWithAuthorization(address[] from,address[] to,uint256[] value,uint256[] validAfter,uint256[] validBefore,bytes32[] nonce,uint8[] v,bytes32[] r,bytes32[] s,uint256 _gasLimit)",437242,token,,,,
0x96204428e4f882caf34d30c4832007f0df8c39ed0382cb1168742b3372bfad23,0x67d6f959519731ea3402f23767585991f04cdb67,0x41eef46a1de33c2ee7614f48dd627ce7f6e81444,98028467,40090192,1766969731,885716,3600000,5212076,114317,,,deprecated,0x6f7a4e7fe6d1e17eb4162a1148ea0818dbf79b3190f27a61898c3951fac7ffad,0x833589fcd6edb6e08f4c7c32d4f71b54bda02913,,USDC,USDC,6,115,24770381,0xcccbb34c,"batchTransferWithAuthorization(address[] from,address[] to,uint256[] value,uint256[] validAfter,uint256[] validBefore,bytes32[] nonce,uint8[] v,bytes32[] r,bytes32[] s,uint256 _gasLimit)",420780,token,,,,
0xdcdc0fafbe1a3e126ff4c65bc5e6fd1afe00f7855a927f8b605b8835dc780545,0x67d6f959519731ea3402f23767585991f04cdb67,0xbfda043f1375932cc39d2845f34ad0d11fb4e2e2,58018195,40095832,1766981011,885885,6000000,6123130,167641,,,deprecated,0x63885e3242261afd352c5c9cc358d52fd65bc2bc52d27da6e20cac54d5dc6cb6,0x833589fcd6edb6e08f4c7c32d4f71b54bda02913,,USDC,USDC,6,170,24082084,0xcccbb34c,"batchTransferWithAuthorization(address[] from,address[] to,uint256[] value,uint256[] validAfter,uint256[] validBefore,bytes32[] nonce,uint8[] v,bytes32[] r,bytes32[] s,uint256 _gasLimit)",415140,token,,,,
0xbf78454f595db4d7d9e577be13731f9a24db53c83250992dca5566ddc14291ac,0x67d6f959519731ea3402f23767585991f04cdb67,0x1fee2c39da1b61a39f5535ffb4be5f34b6d1779f,250045008,40207605,1767204557,889076,3600000,6172131,114317,,,deprecated,0xfa377cf7b2cbd0e8dd7f2158cf6d5ab1312fcc63596b66df0eb8943cc91242c8,0x833589fcd6edb6e08f4c7c32d4f71b54bda02913,,USDC,USDC,6,5,363832,0xcccbb34c,"batchTransferWithAuthorization(address[] from,address[] to,uint256[] value,uint256[] validAfter,uint256[] validBefore,bytes32[] nonce,uint8[] v,bytes32[] r,bytes32[] s,uint256 _gasLimit)",303367,token,,,,
0xf4226037f4715070dae9c336f8b020f89068e2a3e39d39fae61a81234a7e1988,0x67d6f959519731ea3402f23767585991f04cdb67,0xf3b3dc27ab04e66a22614440093b68f38514ee6f,1029323998,40266067,1767321481,244931,3600000,569065,109485,,,deprecated,0x87f03db8587fe5799f7d7d23beb010c78ef43e2eaabc2d05d764f110e6e2e874,0x833589fcd6edb6e08f4c7c32d4f71b54bda02913,,USDC,USDC,6,140,35757607,0xcccbb34c,"batchTransferWithAuthorization(address[] from,address[] to,uint256[] value,uint256[] validAfter,uint256[] validBefore,bytes32[] nonce,uint8[] v,bytes32[] r,bytes32[] s,uint256 _gasLimit)",244905,token,,,,
0xf9681d1addd8cc4dbfcb378c2019f02b6746916f5cbbafc4f8a137ad1d1e9dc2,0x67d6f959519731ea3402f23767585991f04cdb67,0xfa26bf6930a1cf2bdfba4809d0c3324ff94593a2,200031531,40380007,1767549361,893487,3600000,9248594,114285,,,deprecated,0xba1dad82871de0a569f42b76eb7cd277071f5bcc5d067110bedf6190549b9d4a,0x833589fcd6edb6e08f4c7c32d4f71b54bda02913,,USDC,USDC,6,275,47410867,0xcccbb34c,"batchTransferWithAuthorization(address[] from,address[] to,uint256[] value,uint256[] validAfter,uint256[] validBefore,bytes32[] nonce,uint8[] v,bytes32[] r,bytes32[] s,uint256 _gasLimit)",130965,token,,,,
0xf21ed140427958423e5fd572eaf39bdd1c15549fd43a474b3fc0829e1c428c2c,0x67d6f959519731ea3402f23767585991f04cdb67,0x8b0d158601006ddcb0a68d7f809107cd6945184f,250057091,40385550,1767560447,893623,3600000,7067768,114293,,,deprecated,0xf500132f3c33b5f90e241c15ae19304336ce2ba476252372b00916ef2a405685,0x833589fcd6edb6e08f4c7c32d4f71b54bda02913,,USDC,USDC,6,70,13149643,0xcccbb34c,"batchTransferWithAuthorization(address[] from,address[] to,uint256[] value,uint256[] validAfter,uint256[] validBefore,bytes32[] nonce,uint8[] v,bytes32[] r,bytes32[] s,uint256 _gasLimit)",125422,token,,,,
